{"cameraMode":{"drawMode":0,"name":"Shaded","section":"Shading Mode"},"sceneLighting":false,"audioPlay":false,"sceneViewState":{"showFog":true,"showMaterialUpdate":false,"showSkybox":false,"showFlares":true,"showImageEffects":true,"showParticleSystems":true},"in2DMode":false,"pivot":{"x":-0.16966116428375245,"y":0.8383641242980957,"z":-8.7445707321167},"rotation":{"x":-0.09602820873260498,"y":0.7619972229003906,"z":-0.11618607491254807,"w":-0.6298000812530518},"size":1.1676331758499146,"orthographic":false}